index,price
0,108
1,139
2,60
3,65
4,210
5,110
6,66
7,118
8,113
9,108
10,142
11,63
12,74
13,221
14,111
15,65
16,119
17,119
18,159
19,113
20,156
21,189
22,151
23,117
24,90
25,118
26,81
27,291
28,161
29,114
30,158
31,189
32,154
33,119
34,92
35,119
36,92
37,84
38,357
39,363
40,344
41,143
42,220
43,84
44,197
45,101
46,334
47,194
48,368
49,127
50,71
51,64
52,136
53,143
54,100
55,126
56,122
57,133
58,164
59,133
60,236
61,81
62,80
63,147
64,210
65,68
66,147
67,98
68,132
69,127
70,136
71,176
72,138
73,236
74,81
75,80
76,146
77,209
78,68
79,150
80,170
81,189
82,288
83,89
84,150
85,149
86,203
87,193
88,112
89,172
90,76
91,96
92,136
93,133
94,139
95,182
96,143
97,256
98,87
99,83
100,148
101,221
102,68
103,157
104,97
105,140
106,138
107,147
108,191
109,142
110,285
111,90
112,83
113,143
114,234
115,66
116,157
117,190
118,187
119,288
120,82
121,150
122,143
123,196
124,188
125,113
126,173
127,77
128,154
129,153
130,113
131,118
132,214
133,337
134,106
135,120
136,209
137,337
138,141
139,79
140,72
141,140
142,79
143,72
144,110
145,150
146,82
147,103
148,83
149,107
150,120
151,156
152,110
153,144
154,179
155,128
156,138
157,92
158,127
159,203
160,165
161,247
162,261
163,173
164,171
165,169
166,123
167,137
168,83
169,120
170,197
171,161
172,233
173,254
174,165
175,164
176,301
177,286
178,289
179,128
180,196
181,81
182,188
183,93
184,266
185,172
186,298
187,305
188,309
189,306
190,132
191,197
192,78
193,190
194,94
195,271
196,181
197,313
198,309
199,311
200,309
201,133
202,198
203,79
204,189
205,92
206,280
207,182
208,315
209,325
210,316
211,315
212,140
213,213
214,91
215,201
216,103
217,291
218,188
219,324
220,251
221,81
222,259
223,433
224,342
225,357
226,144
227,154
228,419
229,313
230,251
231,95
232,87
233,123
234,90
235,172
236,92
237,89
238,97
239,98
240,203
241,88
242,124
243,90
244,175
245,93
246,89
247,98
248,99
249,203
250,101
251,327
252,105
253,226
254,108
255,143
256,58
257,65
258,221
259,111
260,69
261,123
262,119
263,109
264,144
265,63
266,74
267,224
268,112
269,65
270,122
271,120
272,103
273,145
274,60
275,75
276,235
277,112
278,66
279,130
280,128
281,89
282,326
283,116
284,221
285,166
286,166
287,124
288,129
289,187
290,286
291,85
292,227
293,167
294,168
295,132
296,130
297,203
298,309
299,86
300,387
301,418
302,235
303,385
304,153
305,390
306,224
307,180
308,86
309,97
310,70
311,48
312,90
313,98
314,100
315,69
316,47
317,92
318,101
319,105
320,71
321,50
322,92
323,104
324,284
325,161
326,114
327,157
328,188
329,153
330,118
331,92
332,119
333,90
334,85
335,86
336,124
337,90
338,175
339,92
340,89
341,97
342,99
343,206
344,106
345,149
346,60
347,86
348,252
349,115
350,68
351,128
352,127
353,96
354,74
355,132
356,41
357,118
358,148
359,64
360,70
361,230
362,120
363,72
364,127
365,121
366,104
367,316
368,112
369,230
370,92
371,92
372,122
373,66
374,68
375,92
376,95
377,93
378,70
379,66
380,199
381,200
382,298
383,97
384,154
385,151
386,209
387,207
388,119
389,184
390,81
391,112
392,152
393,81
394,106
395,83
396,107
397,121
398,157
399,111
400,145
401,140
402,426
403,143
404,139
405,79
406,305
407,361
408,238
409,193
410,326
411,373
412,243
413,409
414,331
415,183
416,144
417,144
418,111
419,122
420,165
421,244
422,83
423,304
424,295
425,289
426,128
427,196
428,86
429,194
430,94
431,275
432,175
433,300
434,90
435,90
436,119
437,64
438,89
439,92
440,91
441,65
442,194
443,195
444,297
445,88
446,155
447,149
448,214
449,204
450,120
451,189
452,82
453,87
454,45
455,199
456,195
457,305
458,89
459,157
460,151
461,217
462,207
463,123
464,193
465,83
466,81
467,40
468,43
469,86
470,67
471,121
472,42
473,90
474,90
475,118
476,65
477,65
478,89
479,93
480,91
481,67
482,65
483,315
484,315
485,314
486,135
487,203
488,81
489,195
490,97
491,283
492,185
493,325
494,177
495,129
496,142
497,83
498,124
499,202
500,168
501,238
502,269
503,175
504,171
505,149
506,153
507,93
508,67
509,42
510,85
511,94
512,189
513,150
514,151
515,111
516,122
517,176
518,257
519,80
520,249
521,76
522,265
523,443
524,344
525,362
526,143
527,154
528,417
529,324
530,255
531,101
532,124
533,130
534,214
535,130
536,223
537,172
538,83
539,208
540,322
541,320
542,320
543,138
544,207
545,83
546,196
547,96
548,293
549,191
550,330
551,193
552,196
553,289
554,91
555,150
556,151
557,205
558,199
559,115
560,178
561,78
562,113
563,116
564,59
565,138
566,128
567,62
568,64
569,93
570,93
571,124
572,67
573,69
574,93
575,95
576,94
577,71
578,68
579,104
580,314
581,109
582,226
583,118
584,126
585,202
586,120
587,229
588,161
589,78
590,203
591,96
592,75
593,129
594,41
595,90
596,45
597,48
598,92
599,72
600,127
601,46
602,111
603,127
604,210
605,349
606,255
607,80
608,269
609,436
610,345
611,361
612,148
613,157
614,417
615,316
616,257
617,98
618,117
619,116
620,205
621,120
622,209
623,162
624,78
625,201
626,95
627,68
628,42
629,88
630,95
631,96
632,65
633,43
634,82
635,95
636,196
637,193
638,293
639,86
640,153
641,144
642,199
643,195
644,118
645,180
646,81
647,92
648,354
649,101
650,232
651,333
652,333
653,332
654,145
655,217
656,87
657,207
658,103
659,299
660,199
661,341
662,165
663,116
664,160
665,191
666,156
667,119
668,92
669,120
670,84
671,111
672,150
673,82
674,106
675,83
676,106
677,121
678,156
679,112
680,145
681,106
682,84
683,141
684,48
685,452
686,401
687,389
688,412
689,416
690,356
691,260
692,333
693,438
694,412
695,206
696,205
697,307
698,97
699,157
700,157
701,212
702,209
703,122
704,186
705,84
706,120
707,126
708,209
709,126
710,220
711,168
712,80
713,202
714,259
715,86
716,276
717,454
718,374
719,397
720,155
721,165
722,441
723,343
724,266
725,103
726,168
727,169
728,111
729,151
730,82
731,106
732,83
733,106
734,120
735,155
736,111
737,146
738,106
739,150
740,148
741,156
742,205
743,152
744,296
745,96
746,90
747,152
748,244
749,72
750,172
751,450
752,418
753,395
754,423
755,434
756,369
757,261
758,349
759,444
760,424
761,154
762,157
763,367
764,407
765,223
766,367
767,146
768,377
769,246
770,171
771,81
772,364
773,395
774,225
775,367
776,142
777,377
778,255
779,166
780,79
781,364
782,395
783,217
784,367
785,141
786,375
787,247
788,167
789,77
790,146
791,82
792,75
793,82
794,114
795,83
796,157
797,83
798,83
799,88
800,90
801,192
802,93
803,70
804,135
805,43
806,202
807,152
808,182
809,139
810,374
811,415
812,225
813,376
814,146
815,386
816,254
817,169
818,80
819,189
820,146
821,146
822,111
823,118
824,175
825,242
826,81
827,197
828,194
829,290
830,93
831,151
832,153
833,204
834,202
835,117
836,179
837,80
838,149
839,145
840,116
841,183
842,113
843,183
844,153
845,143
846,89
847,334
848,118
849,252
850,79
851,259
852,432
853,338
854,356
855,141
856,151
857,412
858,309
859,251
860,96
861,138
862,415
863,140
864,135
865,76
866,298
867,361
868,237
869,189
870,314
871,387
872,240
873,409
874,320
875,232
876,165
877,168
878,133
879,130
880,203
881,311
882,84
883,313
884,314
885,313
886,133
887,201
888,78
889,192
890,95
891,283
892,183
893,320
894,141
895,144
896,113
897,178
898,110
899,178
900,148
901,139
902,429
903,410
904,374
905,417
906,425
907,367
908,266
909,341
910,444
911,422
912,137
913,415
914,139
915,133
916,76
917,296
918,359
919,236
920,186
921,316
922,389
923,238
924,412
925,322
926,427
927,408
928,369
929,414
930,424
931,364
932,262
933,340
934,443
935,417
936,262
937,82
938,277
939,465
940,366
941,379
942,150
943,161
944,435
945,337
946,268
947,107
948,280
949,159
950,113
951,154
952,185
953,151
954,117
955,89
956,118
957,88
958,82
959,131
960,74
961,67
962,186
963,140
964,174
965,129
966,76
967,134
968,99
969,137
970,78
971,73
972,76
973,112
974,120
975,212
976,337
977,93
978,63
979,41
980,85
981,91
982,462
983,415
984,398
985,424
986,430
987,370
988,267
989,345
990,449
991,420
992,178
993,130
994,141
995,82
996,126
997,205
998,169
999,239
1000,271
1001,177
1002,172
1003,463
1004,413
1005,398
1006,424
1007,428
1008,370
1009,267
1010,347
1011,448
1012,421
1013,159
1014,158
1015,140
1016,74
1017,70
1018,182
1019,144
1020,144
1021,111
1022,122
1023,165
1024,241
1025,84
1026,114
1027,123
1028,217
1029,343
1030,140
1031,98
1032,73
1033,98
1034,111
1035,145
1036,103
1037,137
1038,451
1039,406
1040,391
1041,413
1042,422
1043,362
1044,262
1045,338
1046,440
1047,418
1048,438
1049,396
1050,386
1051,408
1052,412
1053,354
1054,258
1055,337
1056,425
1057,412
1058,196
1059,197
1060,296
1061,94
1062,152
1063,149
1064,204
1065,202
1066,118
1067,179
1068,80
1069,465
1070,415
1071,397
1072,424
1073,430
1074,367
1075,266
1076,342
1077,450
1078,420
1079,193
1080,147
1081,180
1082,136
1083,302
1084,294
1085,288
1086,129
1087,195
1088,86
1089,194
1090,94
1091,274
1092,175
1093,299
1094,272
1095,91
1096,282
1097,467
1098,371
1099,386
1100,161
1101,171
1102,448
1103,343
1104,273
1105,108
1106,205
1107,199
1108,305
1109,97
1110,157
1111,159
1112,212
1113,209
1114,122
1115,186
1116,83
1117,198
1118,197
1119,293
1120,94
1121,152
1122,146
1123,206
1124,204
1125,118
1126,189
1127,81
1128,109
1129,148
1130,80
1131,104
1132,81
1133,104
1134,118
1135,154
1136,109
1137,143
1138,121
1139,157
1140,69
1141,88
1142,238
1143,124
1144,73
1145,136
1146,132
1147,205
1148,198
1149,308
1150,98
1151,157
1152,154
1153,210
1154,208
1155,123
1156,186
1157,83
1158,97
1159,67
1160,44
1161,90
1162,96
1163,92
1164,333
1165,122
1166,92
1167,334
1168,121
1169,203
1170,203
1171,301
1172,98
1173,156
1174,157
1175,213
1176,205
1177,121
1178,185
1179,84
1180,115
1181,155
1182,85
1183,107
1184,86
1185,113
1186,124
1187,161
1188,115
1189,148
1190,449
1191,402
1192,387
1193,411
1194,418
1195,360
1196,259
1197,337
1198,438
1199,416
1200,154
1201,151
1202,119
1203,191
1204,115
1205,190
1206,161
1207,144
1208,116
1209,118
1210,205
1211,122
1212,208
1213,163
1214,83
1215,203
1216,92
1217,64
1218,42
1219,84
1220,93
1221,89
1222,334
1223,119
1224,98
1225,139
1226,136
1227,143
1228,189
1229,146
1230,259
1231,89
1232,85
1233,152
1234,227
1235,70
1236,161
1237,291
1238,283
1239,278
1240,123
1241,187
1242,82
1243,186
1244,90
1245,263
1246,167
1247,284
1248,378
1249,418
1250,225
1251,378
1252,147
1253,389
1254,254
1255,174
1256,80
1257,114
1258,155
1259,83
1260,110
1261,84
1262,110
1263,124
1264,160
1265,115
1266,150
1267,134
1268,413
1269,136
1270,141
1271,84
1272,300
1273,353
1274,242
1275,197
1276,313
1277,391
1278,250
1279,416
1280,323
1281,104
1282,316
1283,112
1284,230
1285,400
1286,385
1287,408
1288,438
1289,427
1290,370
1291,264
1292,341
1293,443
1294,420
1295,109
1296,150
1297,80
1298,101
1299,81
1300,108
1301,119
1302,155
1303,109
1304,143
1305,99
1306,382
1307,109
1308,255
1309,88
1310,325
1311,116
1312,112
1313,116
1314,61
1315,58
1316,139
1317,128
1318,208
1319,61
1320,114
1321,63
1322,197
1323,149
1324,184
1325,140
1326,92
1327,70
1328,133
1329,43
1330,122
1331,158
1332,66
1333,74
1334,241
1335,125
1336,78
1337,135
1338,132
1339,97
1340,76
1341,132
1342,50
1343,328
1344,315
1345,315
1346,143
1347,214
1348,90
1349,206
1350,104
1351,294
1352,191
1353,327
1354,184
1355,146
1356,146
1357,109
1358,117
1359,170
1360,248
1361,77
1362,83
1363,119
1364,87
1365,165
1366,88
1367,85
1368,93
1369,94
1370,195
1371,288
1372,164
1373,117
1374,160
1375,190
1376,157
1377,120
1378,92
1379,121
1380,91
1381,85
1382,137
1383,97
1384,73
1385,96
1386,109
1387,144
1388,102
1389,135
1390,134
1391,134
1392,105
1393,167
1394,103
1395,167
1396,139
1397,130
1398,87
1399,88
1400,118
1401,63
1402,88
1403,90
1404,89
1405,63
1406,272
1407,154
1408,110
1409,150
1410,180
1411,146
1412,114
1413,91
1414,115
1415,85
1416,80
1417,102
1418,395
1419,114
1420,261
1421,220
1422,159
1423,161
1424,127
1425,123
1426,196
1427,298
1428,81
1429,208
1430,201
1431,309
1432,94
1433,161
1434,154
1435,206
1436,206
1437,126
1438,192
1439,86
1440,321
1441,320
1442,320
1443,137
1444,206
1445,82
1446,196
1447,96
1448,292
1449,190
1450,328
1451,108
1452,118
1453,210
1454,332
1455,362
1456,394
1457,217
1458,365
1459,140
1460,372
1461,246
1462,163
1463,77
1464,174
1465,191
1466,287
1467,90
1468,151
1469,150
1470,203
1471,196
1472,114
1473,174
1474,78
1475,117
1476,124
1477,201
1478,119
1479,229
1480,160
1481,77
1482,199
1483,193
1484,194
1485,288
1486,91
1487,149
1488,150
1489,205
1490,199
1491,115
1492,180
1493,78
1494,131
1495,399
1496,133
1497,137
1498,79
1499,292
1500,343
1501,235
1502,195
1503,305
1504,373
1505,242
1506,396
1507,310
1508,91
1509,331
1510,120
1511,251
1512,83
1513,268
1514,450
1515,350
1516,368
1517,149
1518,159
1519,419
1520,321
1521,257
1522,103
1523,155
1524,108
1525,150
1526,180
1527,146
1528,112
1529,90
1530,112
1531,77
1532,362
1533,405
1534,215
1535,363
1536,140
1537,382
1538,246
1539,165
1540,76
1541,383
1542,427
1543,236
1544,389
1545,154
1546,398
1547,261
1548,182
1549,87
1550,112
1551,153
1552,83
1553,106
1554,84
1555,108
1556,122
1557,157
1558,111
1559,146
1560,135
1561,422
1562,139
1563,140
1564,86
1565,303
1566,337
1567,244
1568,189
1569,322
1570,400
1571,251
1572,423
1573,331
1574,184
1575,138
1576,172
1577,128
1578,259
1579,84
1580,273
1581,446
1582,351
1583,369
1584,153
1585,162
1586,429
1587,324
1588,262
1589,100
1590,294
1591,168
1592,120
1593,163
1594,196
1595,160
1596,124
1597,98
1598,125
1599,94
1600,87
1601,104
1602,312
1603,114
1604,227
1605,105
1606,108
1607,57
1608,55
1609,131
1610,120
1611,195
1612,58
1613,106
1614,59
1615,183
1616,134
1617,147
1618,90
1619,131
1620,211
1621,173
1622,257
1623,276
1624,178
1625,176
1626,195
1627,147
1628,177
1629,135
1630,99
1631,70
1632,46
1633,91
1634,100
1635,199
1636,201
1637,298
1638,95
1639,154
1640,148
1641,209
1642,205
1643,119
1644,190
1645,81
1646,192
1647,146
1648,179
1649,135
1650,267
1651,86
1652,281
1653,459
1654,367
1655,380
1656,154
1657,164
1658,441
1659,338
1660,268
1661,104
1662,190
1663,205
1664,311
1665,100
1666,161
1667,157
1668,213
1669,209
1670,124
1671,189
1672,85
1673,136
1674,416
1675,138
1676,143
1677,85
1678,302
1679,360
1680,242
1681,194
1682,320
1683,396
1684,249
1685,419
1686,326
1687,168
1688,117
1689,163
1690,195
1691,160
1692,121
1693,95
1694,122
1695,84
1696,104
1697,104
1698,193
1699,110
1700,188
1701,154
1702,77
1703,180
1704,379
1705,410
1706,230
1707,375
1708,148
1709,380
1710,219
1711,173
1712,82
1713,443
1714,424
1715,389
1716,432
1717,437
1718,379
1719,275
1720,351
1721,457
1722,429
1723,133
1724,137
1725,107
1726,170
1727,104
1728,170
1729,141
1730,132
1731,365
1732,396
1733,220
1734,367
1735,141
1736,375
1737,242
1738,166
1739,77
1740,119
1741,150
1742,65
1743,71
1744,224
1745,121
1746,73
1747,128
1748,123
1749,109
1750,154
1751,152
1752,159
1753,208
1754,156
1755,306
1756,98
1757,90
1758,156
1759,250
1760,72
1761,175
1762,93
1763,63
1764,41
1765,85
1766,91
1767,304
1768,293
1769,294
1770,130
1771,198
1772,81
1773,187
1774,94
1775,272
1776,174
1777,301
1778,111
1779,157
1780,64
1781,77
1782,249
1783,117
1784,70
1785,138
1786,137
1787,118
1788,126
1789,220
1790,356
1791,200
1792,153
1793,187
1794,141
1795,109
1796,147
1797,143
1798,151
1799,194
1800,153
1801,267
1802,95
1803,92
1804,163
1805,241
1806,76
1807,170
1808,140
1809,425
1810,143
1811,139
1812,78
1813,304
1814,361
1815,238
1816,193
1817,325
1818,374
1819,242
1820,409
1821,331
1822,93
1823,66
1824,39
1825,85
1826,92
1827,442
1828,399
1829,382
1830,406
1831,415
1832,354
1833,256
1834,338
1835,427
1836,416
1837,84
1838,41
1839,45
1840,112
1841,115
1842,63
1843,60
1844,138
1845,127
1846,204
1847,63
1848,113
1849,65
1850,375
1851,420
1852,229
1853,377
1854,144
1855,400
1856,256
1857,172
1858,82
1859,191
1860,191
1861,294
1862,92
1863,151
1864,146
1865,210
1866,202
1867,117
1868,187
1869,80
1870,89
1871,322
1872,118
1873,363
1874,396
1875,218
1876,366
1877,141
1878,374
1879,242
1880,166
1881,77
1882,173
1883,126
1884,140
1885,86
1886,124
1887,202
1888,165
1889,242
1890,263
1891,169
1892,168
1893,172
1894,193
1895,291
1896,90
1897,150
1898,149
1899,204
1900,197
1901,114
1902,174
1903,77
1904,98
1905,76
1906,130
1907,43
1908,250
1909,81
1910,266
1911,432
1912,372
1913,381
1914,148
1915,160
1916,422
1917,341
1918,257
1919,98
1920,89
1921,327
1922,117
1923,131
1924,72
1925,67
1926,383
1927,425
1928,233
1929,384
1930,154
1931,399
1932,261
1933,180
1934,84
1935,192
1936,195
1937,296
1938,94
1939,154
1940,148
1941,213
1942,203
1943,119
1944,188
1945,81
1946,92
1947,71
1948,126
1949,47
1950,101
1951,128
1952,124
1953,136
1954,167
1955,136
1956,241
1957,85
1958,82
1959,149
1960,214
1961,70
1962,151
1963,92
1964,65
1965,40
1966,85
1967,92
1968,141
1969,80
1970,72
1971,133
1972,140
1973,181
1974,134
1975,146
1976,85
1977,130
1978,210
1979,175
1980,249
1981,283
1982,181
1983,177
1984,158
1985,112
1986,153
1987,184
1988,150
1989,116
1990,88
1991,116
1992,81
1993,197
1994,150
1995,186
1996,139
1997,137
1998,136
1999,107
2000,170
2001,105
2002,171
2003,141
2004,132
2005,254
2006,80
2007,262
2008,434
2009,342
2010,360
2011,144
2012,155
2013,422
2014,314
2015,254
2016,96
2017,145
2018,432
2019,150
2020,153
2021,91
2022,315
2023,377
2024,253
2025,211
2026,340
2027,403
2028,263
2029,435
2030,346
2031,376
2032,411
2033,226
2034,372
2035,147
2036,374
2037,214
2038,172
2039,81
2040,257
2041,83
2042,267
2043,442
2044,346
2045,361
2046,151
2047,159
2048,423
2049,317
2050,257
2051,101
2052,108
2053,118
2054,209
2055,333
2056,176
2057,129
2058,141
2059,87
2060,126
2061,205
2062,168
2063,244
2064,266
2065,172
2066,171
2067,93
2068,66
2069,41
2070,86
2071,94
2072,95
2073,384
2074,108
2075,250
2076,141
2077,140
2078,110
2079,174
2080,106
2081,175
2082,147
2083,136
2084,121
2085,121
2086,211
2087,125
2088,215
2089,168
2090,82
2091,208
2092,89
2093,334
2094,119
2095,98
2096,76
2097,132
2098,42
2099,187
2100,140
2101,174
2102,129
2103,104
2104,119
2105,205
2106,333
2107,105
2108,322
2109,110
2110,227
2111,120
2112,132
2113,228
2114,361
2115,471
2116,423
2117,408
2118,430
2119,439
2120,376
2121,276
2122,353
2123,459
2124,430
2125,115
2126,117
2127,207
2128,121
2129,209
2130,165
2131,81
2132,200
2133,87
2134,87
2135,115
2136,63
2137,63
2138,87
2139,89
2140,88
2141,65
2142,64
2143,186
2144,140
2145,173
2146,130
2147,114
2148,161
2149,65
2150,88
2151,275
2152,123
2153,72
2154,136
2155,135
2156,171
2157,123
2158,133
2159,89
2160,123
2161,198
2162,162
2163,237
2164,255
2165,166
2166,167
2167,142
2168,100
2169,75
2170,99
2171,113
2172,148
2173,105
2174,139
2175,97
2176,135
2177,131
2178,140
2179,180
2180,141
2181,253
2182,87
2183,84
2184,151
2185,223
2186,67
2187,156
2188,91
2189,45
2190,48
2191,99
2192,389
2193,110
2194,257
2195,109
2196,119
2197,210
2198,336
2199,94
2200,63
2201,42
2202,81
2203,93
2204,181
2205,133
2206,146
2207,91
2208,130
2209,207
2210,171
2211,252
2212,269
2213,176
2214,176
2215,106
2216,151
2217,60
2218,85
2219,261
2220,115
2221,67
2222,129
2223,127
2224,93
2225,93
2226,124
2227,67
2228,69
2229,93
2230,95
2231,94
2232,71
2233,68
2234,199
2235,199
2236,297
2237,95
2238,154
2239,155
2240,209
2241,203
2242,119
2243,183
2244,82
2245,264
2246,83
2247,273
2248,449
2249,358
2250,371
2251,151
2252,161
2253,431
2254,328
2255,263
2256,103
2257,101
2258,79
2259,133
2260,46
2261,116
2262,126
2263,221
2264,350
2265,143
2266,78
2267,74
2268,147
2269,84
2270,76
2271,197
2272,199
2273,294
2274,94
2275,153
2276,155
2277,208
2278,205
2279,118
2280,182
2281,81
2282,105
2283,330
2284,110
2285,232
2286,88
2287,122
2288,90
2289,169
2290,92
2291,89
2292,95
2293,97
2294,201
2295,451
2296,403
2297,392
2298,414
2299,417
2300,360
2301,261
2302,337
2303,439
2304,413
2305,201
2306,202
2307,307
2308,89
2309,158
2310,151
2311,218
2312,208
2313,123
2314,194
2315,84
2316,433
2317,414
2318,380
2319,419
2320,428
2321,371
2322,265
2323,344
2324,448
2325,419
2326,155
2327,161
2328,361
2329,390
2330,220
2331,363
2332,142
2333,370
2334,243
2335,166
2336,78
2337,104
2338,105
2339,196
2340,110
2341,190
2342,155
2343,77
2344,180
2345,113
2346,146
2347,65
2348,82
2349,228
2350,116
2351,67
2352,128
2353,124
2354,282
2355,163
2356,114
2357,158
2358,188
2359,154
2360,118
2361,93
2362,120
2363,93
2364,83
2365,139
2366,75
2367,69
2368,191
2369,193
2370,285
2371,91
2372,149
2373,150
2374,202
2375,198
2376,115
2377,175
2378,78
2379,102
2380,69
2381,47
2382,88
2383,101
2384,269
2385,91
2386,286
2387,464
2388,381
2389,409
2390,161
2391,172
2392,444
2393,359
2394,277
2395,109
2396,304
2397,293
2398,294
2399,130
2400,198
2401,81
2402,187
2403,94
2404,272
2405,174
2406,301
2407,197
2408,196
2409,289
2410,92
2411,151
2412,145
2413,205
2414,202
2415,116
2416,187
2417,80
2418,205
2419,205
2420,307
2421,93
2422,162
2423,156
2424,222
2425,213
2426,127
2427,198
2428,88
2429,378
2430,412
2431,226
2432,378
2433,147
2434,387
2435,249
2436,173
2437,80
2438,89
2439,89
2440,118
2441,66
2442,66
2443,88
2444,92
2445,90
2446,66
2447,64
2448,128
2449,401
2450,132
2451,133
2452,79
2453,291
2454,316
2455,233
2456,183
2457,302
2458,383
2459,241
2460,407
2461,312
2462,106
2463,83
2464,143
2465,47
2466,162
2467,165
2468,172
2469,125
2470,139
2471,85
2472,123
2473,199
2474,163
2475,241
2476,259
2477,168
2478,168
2479,141
2480,147
2481,205
2482,155
2483,187
2484,144
2485,96
2486,96
2487,129
2488,73
2489,72
2490,97
2491,98
2492,97
2493,72
2494,71
2495,106
2496,83
2497,139
2498,49
2499,361
2500,390
2501,220
2502,363
2503,142
2504,370
2505,243
2506,166
2507,78
2508,142
2509,426
2510,143
2511,150
2512,89
2513,306
2514,370
2515,251
2516,206
2517,326
2518,393
2519,256
2520,415
2521,330
2522,272
2523,153
2524,108
2525,148
2526,180
2527,147
2528,114
2529,84
2530,114
2531,84
2532,80
2533,190
2534,145
2535,179
2536,134
2537,167
2538,166
2539,105
2540,149
2541,146
2542,152
2543,200
2544,156
2545,277
2546,96
2547,90
2548,162
2549,242
2550,75
2551,172
2552,87
2553,87
2554,117
2555,64
2556,87
2557,88
2558,88
2559,62
2560,104
2561,141
2562,75
2563,99
2564,77
2565,99
2566,112
2567,147
2568,103
2569,138
2570,89
2571,89
2572,117
2573,63
2574,64
2575,88
2576,92
2577,90
2578,65
2579,63
2580,101
2581,327
2582,108
2583,226
2584,105
2585,83
2586,140
2587,47
2588,85
2589,43
2590,45
2591,88
2592,326
2593,116
2594,87
2595,68
2596,119
2597,42
2598,474
2599,428
2600,407
2601,438
2602,443
2603,381
2604,275
2605,356
2606,461
2607,430
2608,95
2609,66
2610,38
2611,88
2612,95
2613,251
2614,83
2615,268
2616,438
2617,374
2618,386
2619,151
2620,163
2621,431
2622,344
2623,259
2624,100
2625,104
2626,107
2627,53
2628,126
2629,117
2630,56
2631,58
2632,450
2633,404
2634,395
2635,417
2636,419
2637,363
2638,266
2639,340
2640,440
2641,418
2642,138
2643,140
2644,109
2645,174
2646,108
2647,175
2648,145
2649,136
2650,437
2651,427
2652,385
2653,432
2654,442
2655,382
2656,269
2657,352
2658,461
2659,430
2660,129
2661,137
2662,216
2663,132
2664,245
2665,176
2666,86
2667,218
2668,139
2669,429
2670,143
2671,144
2672,88
2673,309
2674,338
2675,247
2676,193
2677,327
2678,384
2679,254
2680,420
2681,337
2682,97
2683,364
2684,107
2685,240
2686,115
2687,156
2688,83
2689,110
2690,85
2691,110
2692,124
2693,161
2694,116
2695,150
2696,67
2697,122
2698,88
2699,124
2700,68
2701,65
2702,93
2703,338
2704,124
2705,87
2706,321
2707,115
2708,74
2709,131
2710,97
2711,135
2712,75
2713,72
2714,460
2715,410
2716,393
2717,415
2718,425
2719,363
2720,261
2721,336
2722,447
2723,417
2724,259
2725,79
2726,267
2727,435
2728,346
2729,361
2730,146
2731,155
2732,417
2733,317
2734,256
2735,98
2736,88
2737,69
2738,118
2739,42
2740,86
2741,324
2742,114
2743,139
2744,78
2745,71
2746,380
2747,426
2748,230
2749,383
2750,152
2751,405
2752,259
2753,177
2754,85
2755,143
2756,81
2757,74
2758,418
2759,402
2760,426
2761,456
2762,437
2763,383
2764,272
2765,352
2766,463
2767,430
2768,141
2769,429
2770,143
2771,150
2772,90
2773,310
2774,369
2775,250
2776,204
2777,327
2778,408
2779,261
2780,428
2781,336
2782,109
2783,124
2784,209
2785,338
2786,82
2787,138
2788,104
2789,144
2790,83
2791,78
2792,81
2793,91
2794,124
2795,93
2796,172
2797,94
2798,92
2799,97
2800,99
2801,205
2802,173
2803,192
2804,291
2805,91
2806,150
2807,148
2808,202
2809,196
2810,115
2811,174
2812,78
2813,96
2814,71
2815,135
2816,44
2817,111
2818,111
2819,196
2820,115
2821,200
2822,155
2823,74
2824,192
2825,282
2826,161
2827,113
2828,157
2829,187
2830,153
2831,118
2832,92
2833,120
2834,93
2835,83
2836,92
2837,66
2838,44
2839,85
2840,93
2841,138
2842,75
2843,70
2844,386
2845,425
2846,234
2847,389
2848,151
2849,390
2850,224
2851,179
2852,85
2853,93
2854,343
2855,123
2856,130
2857,400
2858,133
2859,137
2860,80
2861,293
2862,343
2863,232
2864,196
2865,305
2866,380
2867,243
2868,405
2869,311
2870,397
2871,380
2872,405
2873,433
2874,422
2875,363
2876,259
2877,339
2878,442
2879,416
2880,154
2881,155
2882,186
2883,140
2884,173
2885,130
2886,71
2887,127
2888,92
2889,129
2890,73
2891,68
2892,71
2893,138
2894,422
2895,142
2896,147
2897,73
2898,303
2899,361
2900,245
2901,212
2902,316
2903,388
2904,249
2905,410
2906,322
2907,255
2908,84
2909,272
2910,444
2911,380
2912,392
2913,154
2914,167
2915,435
2916,350
2917,262
2918,102
2919,92
2920,335
2921,121
2922,108
2923,125
2924,211
2925,344
2926,104
2927,308
2928,113
2929,223
2930,367
2931,409
2932,219
2933,368
2934,142
2935,380
2936,243
2937,168
2938,76
2939,132
2940,408
2941,136
2942,139
2943,81
2944,295
2945,353
2946,238
2947,195
2948,311
2949,384
2950,243
2951,411
2952,316
2953,94
2954,74
2955,131
2956,41
2957,103
2958,80
2959,135
2960,46
2961,116
2962,119
2963,64
2964,61
2965,141
2966,130
2967,208
2968,64
2969,115
2970,66
2971,111
2972,115
2973,57
2974,136
2975,127
2976,60
2977,62
2978,200
2979,153
2980,188
2981,141
2982,108
2983,111
2984,56
2985,129
2986,123
2987,59
2988,61
2989,115
2990,122
2991,216
2992,346
2993,105
2994,121
2995,205
2996,336
2997,251
2998,81
2999,264
3000,442
3001,344
3002,358
3003,147
3004,156
3005,414
3006,315
3007,253
3008,101
3009,107
3010,146
3011,79
3012,101
3013,79
3014,103
3015,116
3016,151
3017,108
3018,141
3019,193
3020,192
3021,287
3022,92
3023,149
3024,150
3025,203
3026,196
3027,115
3028,175
3029,78
3030,92
3031,92
3032,123
3033,67
3034,67
3035,92
3036,95
3037,93
3038,68
3039,67
3040,134
3041,134
3042,105
3043,166
3044,101
3045,167
3046,139
3047,130
3048,278
3049,158
3050,112
3051,153
3052,185
3053,151
3054,116
3055,90
3056,118
3057,89
3058,84
3059,172
3060,126
3061,134
3062,77
3063,122
3064,197
3065,164
3066,236
3067,265
3068,170
3069,166
3070,102
3071,80
3072,137
3073,45
3074,182
3075,143
3076,175
3077,130
3078,462
3079,417
3080,404
3081,429
3082,431
3083,375
3084,270
3085,357
3086,449
3087,434
3088,204
3089,152
3090,183
3091,140
3092,265
3093,87
3094,275
3095,456
3096,358
3097,375
3098,155
3099,164
3100,434
3101,329
3102,267
3103,104
3104,193
3105,188
3106,288
3107,85
3108,149
3109,144
3110,196
3111,190
3112,115
3113,175
3114,79
3115,80
3116,135
3117,102
3118,142
3119,80
3120,76
3121,212
3122,205
3123,309
3124,96
3125,162
3126,153
3127,210
3128,208
3129,128
3130,193
3131,88
3132,453
3133,406
3134,387
3135,415
3136,422
3137,364
3138,264
3139,340
3140,438
3141,417
3142,93
3143,359
3144,103
3145,235
3146,114
3147,157
3148,156
3149,161
3150,234
3151,158
3152,318
3153,101
3154,95
3155,148
3156,270
3157,86
3158,184
3159,384
3160,431
3161,239
3162,390
3163,155
3164,404
3165,269
3166,180
3167,87
3168,259
3169,82
3170,270
3171,446
3172,346
3173,366
3174,150
3175,158
3176,418
3177,319
3178,259
3179,103
3180,83
3181,118
3182,86
3183,163
3184,87
3185,85
3186,90
3187,92
3188,194
3189,100
3190,138
3191,135
3192,143
3193,184
3194,145
3195,256
3196,90
3197,86
3198,154
3199,229
3200,70
3201,160
3202,71
3203,127
3204,93
3205,130
3206,72
3207,69
3208,91
3209,331
3210,122
3211,112
3212,115
3213,58
3214,133
3215,127
3216,61
3217,63
3218,195
3219,147
3220,181
3221,136
3222,142
3223,427
3224,144
3225,150
3226,92
3227,311
3228,370
3229,243
3230,207
3231,329
3232,400
3233,258
3234,425
3235,336
3236,276
3237,90
3238,287
3239,467
3240,367
3241,385
3242,160
3243,169
3244,445
3245,339
3246,277
3247,109
3248,138
3249,76
3250,69
3251,312
3252,307
3253,301
3254,140
3255,210
3256,92
3257,203
3258,101
3259,281
3260,187
3261,309
3262,186
3263,140
3264,174
3265,130
3266,175
3267,191
3268,289
3269,90
3270,151
3271,151
3272,204
3273,197
3274,115
3275,175
3276,79
3277,79
3278,138
3279,102
3280,139
3281,80
3282,76
3283,80
3284,88
3285,88
3286,119
3287,66
3288,63
3289,90
3290,91
3291,89
3292,65
3293,65
3294,130
3295,407
3296,131
3297,134
3298,79
3299,292
3300,319
3301,236
3302,179
3303,308
3304,386
3305,242
3306,409
3307,317
3308,93
3309,341
3310,123
3311,173
3312,129
3313,140
3314,80
3315,124
3316,202
3317,167
3318,241
3319,274
3320,174
3321,169
3322,145
3323,432
3324,149
3325,153
3326,91
3327,316
3328,377
3329,255
3330,208
3331,339
3332,403
3333,263
3334,435
3335,345
3336,130
3337,400
3338,133
3339,137
3340,80
3341,293
3342,340
3343,234
3344,194
3345,303
3346,380
3347,245
3348,405
3349,314
3350,116
3351,123
3352,204
3353,122
3354,215
3355,164
3356,79
3357,200
3358,464
3359,418
3360,401
3361,429
3362,433
3363,372
3364,270
3365,349
3366,452
3367,423
3368,114
3369,134
3370,221
3371,357
3372,114
3373,117
3374,61
3375,60
3376,141
3377,129
3378,211
3379,62
3380,115
3381,65
3382,463
3383,421
3384,405
3385,429
3386,431
3387,375
3388,271
3389,353
3390,450
3391,431
3392,94
3393,349
3394,126
3395,102
3396,148
3397,60
3398,75
3399,235
3400,111
3401,67
3402,130
3403,130
3404,88
3405,327
3406,115
3407,108
3408,84
3409,140
3410,49
3411,111
3412,118
3413,212
3414,338
3415,406
3416,391
3417,417
3418,445
3419,432
3420,374
3421,265
3422,347
3423,452
3424,420
3425,201
3426,161
3427,161
3428,121
3429,130
3430,186
3431,272
3432,88
3433,117
3434,151
3435,63
3436,70
3437,231
3438,120
3439,74
3440,131
3441,127
3442,150
3443,153
3444,150
3445,82
3446,78
3447,372
3448,416
3449,222
3450,373
3451,147
3452,392
3453,253
3454,172
3455,82
3456,380
3457,423
3458,230
3459,381
3460,152
3461,395
3462,255
3463,178
3464,83
3465,117
3466,120
3467,67
3468,62
3469,144
3470,132
3471,208
3472,65
3473,116
3474,68
3475,107
3476,150
3477,149
3478,154
3479,230
3480,152
3481,306
3482,97
3483,90
3484,141
3485,263
3486,82
3487,177
3488,143
3489,431
3490,148
3491,148
3492,90
3493,312
3494,349
3495,254
3496,200
3497,332
3498,400
3499,260
3500,434
3501,343
3502,157
3503,158
3504,78
3505,137
3506,101
3507,139
3508,80
3509,76
3510,78
3511,132
3512,409
3513,136
3514,140
3515,83
3516,297
3517,352
3518,237
3519,193
3520,311
3521,384
3522,245
3523,411
3524,315
3525,116
3526,124
3527,216
3528,342
3529,106
3530,122
3531,214
3532,339
3533,375
3534,414
3535,230
3536,377
3537,147
3538,389
3539,260
3540,171
3541,81
3542,94
3543,69
3544,132
3545,43
3546,186
3547,139
3548,174
3549,129
3550,88
3551,320
3552,117
3553,110
3554,156
3555,64
3556,79
3557,244
3558,116
3559,70
3560,137
3561,136
3562,108
3563,146
3564,79
3565,102
3566,80
3567,103
3568,117
3569,151
3570,107
3571,141
3572,315
3573,306
3574,300
3575,135
3576,204
3577,90
3578,201
3579,99
3580,286
3581,182
3582,311
3583,104
3584,81
3585,140
3586,46
3587,133
3588,409
3589,135
3590,138
3591,80
3592,295
3593,353
3594,240
3595,192
3596,313
3597,389
3598,244
3599,414
3600,318
3601,357
3602,394
3603,221
3604,357
3605,139
3606,369
3607,243
3608,158
3609,76
3610,88
3611,326
3612,116
3613,100
3614,71
3615,44
3616,92
3617,100
3618,105
3619,121
3620,208
3621,339
3622,197
3623,151
3624,186
3625,139
3626,193
3627,150
3628,150
3629,114
3630,121
3631,178
3632,246
3633,84
3634,100
3635,72
3636,46
3637,93
3638,100
3639,358
3640,393
3641,222
3642,359
3643,140
3644,369
3645,244
3646,158
3647,77
3648,252
3649,81
3650,267
3651,442
3652,362
3653,384
3654,149
3655,158
3656,429
3657,331
3658,258
3659,98
3660,147
3661,151
3662,195
3663,146
3664,176
3665,134
3666,96
3667,75
3668,129
3669,41
3670,112
3671,114
3672,200
3673,117
3674,203
3675,158
3676,79
3677,197
3678,318
3679,319
3680,317
3681,137
3682,206
3683,81
3684,198
3685,98
3686,284
3687,188
3688,328
3689,185
3690,139
3691,173
3692,129
3693,191
3694,144
3695,179
3696,134
3697,74
3698,132
3699,96
3700,132
3701,76
3702,71
3703,74
3704,196
3705,156
3706,156
3707,116
3708,127
3709,182
3710,266
3711,84
3712,197
3713,150
3714,184
3715,139
3716,453
3717,401
3718,389
3719,412
3720,416
3721,355
3722,259
3723,332
3724,439
3725,413
3726,104
3727,119
3728,205
3729,333
3730,86
3731,323
3732,114
3733,106
3734,109
3735,58
3736,56
3737,131
3738,121
3739,197
3740,59
3741,107
3742,61
3743,100
3744,72
3745,48
3746,93
3747,100
3748,253
3749,81
3750,264
3751,436
3752,344
3753,360
3754,146
3755,156
3756,424
3757,315
3758,255
3759,96
3760,112
3761,129
3762,219
3763,352
3764,188
3765,143
3766,176
3767,132
3768,117
3769,123
3770,204
3771,123
3772,214
3773,163
3774,78
3775,197
3776,87
3777,45
3778,107
3779,148
3780,59
3781,75
3782,237
3783,113
3784,66
3785,132
3786,130
3787,107
3788,109
3789,58
3790,56
3791,132
3792,121
3793,196
3794,59
3795,106
3796,60
3797,104
3798,139
3799,135
3800,144
3801,186
3802,145
3803,248
3804,86
3805,86
3806,155
3807,222
3808,74
3809,160
3810,147
3811,145
3812,114
3813,180
3814,110
3815,179
3816,152
3817,139
3818,95
3819,94
3820,125
3821,69
3822,70
3823,95
3824,97
3825,96
3826,71
3827,68
3828,91
3829,331
3830,120
3831,105
3832,401
3833,117
3834,262
3835,271
3836,91
3837,285
3838,469
3839,393
3840,410
3841,163
3842,173
3843,459
3844,362
3845,276
3846,108
3847,102
3848,79
3849,138
3850,45
3851,133
3852,412
3853,135
3854,144
3855,84
3856,300
3857,353
3858,238
3859,192
3860,314
3861,390
3862,247
3863,411
3864,319
3865,178
3866,129
3867,134
3868,92
3869,128
3870,205
3871,162
3872,253
3873,267
3874,170
3875,168
3876,93
3877,343
3878,123
3879,311
3880,312
3881,312
3882,134
3883,200
3884,79
3885,190
3886,93
3887,282
3888,185
3889,318
3890,143
3891,143
3892,112
3893,176
3894,108
3895,178
3896,147
3897,138
3898,93
3899,47
3900,50
3901,102
3902,146
3903,144
3904,153
3905,200
3906,148
3907,295
3908,93
3909,87
3910,150
3911,243
3912,70
3913,165
3914,93
3915,47
3916,50
3917,249
3918,79
3919,261
3920,434
3921,339
3922,356
3923,144
3924,153
3925,404
3926,310
3927,250
3928,98
3929,197
3930,194
3931,292
3932,95
3933,152
3934,148
3935,204
3936,203
3937,117
3938,180
3939,80
3940,139
3941,423
3942,142
3943,148
3944,83
3945,305
3946,361
3947,246
3948,214
3949,316
3950,386
3951,251
3952,410
3953,322
3954,109
3955,147
3956,80
3957,101
3958,80
3959,105
3960,118
3961,152
3962,108
3963,141
3964,470
3965,422
3966,404
3967,433
3968,429
3969,378
3970,274
3971,354
3972,453
3973,432
3974,95
3975,347
3976,127
3977,269
3978,89
3979,283
3980,462
3981,356
3982,381
3983,157
3984,165
3985,424
3986,339
3987,272
3988,110
3989,138
3990,138
3991,108
3992,170
3993,104
3994,171
3995,142
3996,132
3997,142
3998,425
3999,145
4000,149
4001,90
4002,309
4003,361
4004,250
4005,204
4006,328
4007,381
4008,254
4009,419
4010,334
4011,449
4012,405
4013,390
4014,413
4015,422
4016,363
4017,262
4018,339
4019,440
4020,418
4021,84
4022,41
4023,44
4024,371
4025,409
4026,219
4027,372
4028,144
4029,383
4030,249
4031,170
4032,78
4033,255
4034,79
4035,267
4036,441
4037,337
4038,360
4039,146
4040,154
4041,410
4042,320
4043,257
4044,101
4045,98
4046,299
4047,103
4048,212
4049,110
4050,117
4051,211
4052,317
4053,84
4054,120
4055,88
4056,169
4057,90
4058,88
4059,94
4060,96
4061,197
4062,169
4063,122
4064,126
4065,86
4066,121
4067,196
4068,154
4069,241
4070,253
4071,162
4072,161
4073,194
4074,153
4075,153
4076,115
4077,124
4078,180
4079,261
4080,83
4081,364
4082,389
4083,218
4084,362
4085,140
4086,361
4087,207
4088,165
4089,77
4090,209
4091,159
4092,160
4093,119
4094,125
4095,182
4096,280
4097,83
4098,104
4099,73
4100,46
4101,97
4102,104
4103,273
4104,88
4105,282
4106,465
4107,368
4108,384
4109,158
4110,168
4111,439
4112,340
4113,272
4114,108
4115,88
4116,88
4117,117
4118,65
4119,65
4120,88
4121,91
4122,89
4123,65
4124,63
4125,202
4126,197
4127,310
4128,99
4129,160
4130,154
4131,218
4132,210
4133,125
4134,195
4135,86
4136,372
4137,413
4138,226
4139,373
4140,144
4141,393
4142,253
4143,171
4144,83
4145,67
4146,121
4147,90
4148,126
4149,70
4150,67
4151,351
4152,353
4153,339
4154,141
4155,217
4156,83
4157,194
4158,98
4159,328
4160,190
4161,361
4162,103
4163,131
4164,127
4165,139
4166,170
4167,138
4168,244
4169,86
4170,84
4171,153
4172,222
4173,72
4174,155
4175,78
4176,136
4177,101
4178,139
4179,79
4180,74
4181,78
4182,91
4183,370
4184,100
4185,242
4186,89
4187,332
4188,119
4189,103
4190,144
4191,141
4192,149
4193,197
4194,152
4195,270
4196,95
4197,90
4198,158
4199,239
4200,73
4201,169
4202,420
4203,403
4204,428
4205,460
4206,443
4207,387
4208,275
4209,356
4210,461
4211,435
4212,202
4213,151
4214,151
4215,112
4216,118
4217,174
4218,269
4219,76
4220,100
4221,74
4222,140
4223,47
4224,199
4225,149
4226,181
4227,137
4228,108
4229,84
4230,145
4231,47
4232,146
4233,151
4234,99
4235,298
4236,109
4237,215
4238,303
4239,298
4240,293
4241,134
4242,202
4243,88
4244,196
4245,98
4246,272
4247,179
4248,301
4249,133
4250,409
4251,136
4252,142
4253,69
4254,297
4255,349
4256,237
4257,211
4258,307
4259,379
4260,245
4261,401
4262,313
4263,209
4264,214
4265,316
4266,100
4267,163
4268,159
4269,219
4270,218
4271,128
4272,194
4273,87
4274,206
4275,155
4276,187
4277,143
4278,191
4279,193
4280,292
4281,85
4282,152
4283,147
4284,211
4285,203
4286,118
4287,188
4288,80
4289,199
4290,153
4291,189
4292,138
4293,323
4294,311
4295,313
4296,141
4297,211
4298,89
4299,203
4300,103
4301,289
4302,187
4303,322
4304,386
4305,424
4306,235
4307,384
4308,154
4309,391
4310,224
4311,179
4312,85
4313,190
4314,145
4315,179
4316,135
4317,94
4318,73
4319,127
4320,41
4321,88
4322,319
4323,116
4324,86
4325,86
4326,115
4327,64
4328,86
4329,87
4330,86
4331,63
4332,89
4333,334
4334,118
4335,103
4336,143
4337,142
4338,147
4339,219
4340,143
4341,292
4342,92
4343,85
4344,134
4345,248
4346,77
4347,168
4348,176
4349,134
4350,149
4351,80
4352,127
4353,207
4354,173
4355,248
4356,299
4357,178
4358,174
4359,109
4360,155
4361,65
4362,79
4363,247
4364,118
4365,71
4366,138
4367,136
4368,88
4369,89
4370,117
4371,64
4372,87
4373,90
4374,89
4375,63
4376,112
4377,122
4378,213
4379,321
4380,384
4381,416
4382,235
4383,383
4384,153
4385,400
4386,263
4387,178
4388,83
4389,141
4390,141
4391,110
4392,174
4393,108
4394,175
4395,146
4396,137
4397,104
4398,141
4399,74
4400,100
4401,76
4402,99
4403,113
4404,146
4405,105
4406,134
4407,87
4408,87
4409,116
4410,63
4411,62
4412,88
4413,89
4414,88
4415,64
4416,64
4417,89
4418,327
4419,117
4420,385
4421,428
4422,238
4423,386
4424,155
4425,402
4426,263
4427,182
4428,86
4429,89
4430,123
4431,92
4432,173
4433,94
4434,91
4435,97
4436,98
4437,205
4438,217
4439,166
4440,166
4441,125
4442,131
4443,188
4444,288
4445,88
4446,145
4447,152
4448,196
4449,195
4450,288
4451,91
4452,151
4453,148
4454,205
4455,201
4456,116
4457,186
4458,80
4459,110
4460,120
4461,212
4462,339
4463,88
4464,125
4465,91
4466,172
4467,94
4468,90
4469,98
4470,99
4471,201
4472,86
4473,123
4474,90
4475,170
4476,92
4477,88
4478,97
4479,98
4480,201
4481,173
4482,135
4483,136
4484,106
4485,115
4486,158
4487,229
4488,79
4489,249
4490,81
4491,266
4492,432
4493,372
4494,381
4495,148
4496,160
4497,421
4498,341
4499,257
4500,98
4501,110
4502,138
4503,134
4504,146
4505,182
4506,146
4507,259
4508,92
4509,90
4510,163
4511,233
4512,77
4513,164
4514,132
4515,411
4516,136
4517,139
4518,82
4519,299
4520,354
4521,234
4522,196
4523,315
4524,388
4525,245
4526,412
4527,319
4528,94
4529,73
4530,128
4531,41
4532,103
4533,316
4534,108
4535,222
4536,259
4537,82
4538,271
4539,447
4540,349
4541,369
4542,148
4543,158
4544,420
4545,320
4546,260
4547,102
4548,136
4549,77
4550,69
4551,145
4552,79
4553,75
4554,99
4555,70
4556,41
4557,92
4558,99
4559,92
4560,345
4561,125
4562,108
4563,111
4564,56
4565,133
4566,123
4567,58
4568,61
4569,103
4570,119
4571,210
4572,333
4573,271
4574,153
4575,110
4576,150
4577,180
4578,145
4579,113
4580,91
4581,115
4582,85
4583,80
4584,81
4585,115
4586,84
4587,162
4588,86
4589,82
4590,89
4591,90
4592,197
4593,144
4594,149
4595,185
4596,142
4597,142
4598,109
4599,115
4600,171
4601,235
4602,79
4603,120
4604,129
4605,224
4606,342
4607,143
4608,147
4609,207
4610,202
4611,307
4612,100
4613,160
4614,161
4615,215
4616,212
4617,125
4618,189
4619,86
4620,453
4621,407
4622,386
4623,413
4624,423
4625,361
4626,261
4627,338
4628,442
4629,416
4630,97
4631,76
4632,131
4633,50
4634,365
4635,408
4636,219
4637,366
4638,140
4639,387
4640,248
4641,167
4642,80
4643,271
4644,90
4645,285
4646,466
4647,371
4648,387
4649,162
4650,172
4651,449
4652,344
4653,275
4654,108
4655,380
4656,414
4657,240
4658,380
4659,151
4660,399
4661,267
4662,175
4663,84
4664,193
4665,143
4666,185
4667,139
4668,92
4669,345
4670,125
4671,110
4672,118
4673,210
4674,334
4675,133
4676,415
4677,137
4678,142
4679,78
4680,298
4681,353
4682,237
4683,209
4684,309
4685,375
4686,244
4687,401
4688,313
4689,88
4690,319
4691,117
4692,108
4693,124
4694,211
4695,343
4696,96
4697,291
4698,104
4699,212
4700,120
4701,131
4702,227
4703,340
4704,100
4705,78
4706,134
4707,44
4708,189
4709,149
4710,181
4711,136
4712,125
4713,134
4714,213
4715,128
4716,242
4717,171
4718,83
4719,214
4720,112
4721,115
4722,62
4723,59
4724,139
4725,127
4726,204
4727,62
4728,113
4729,64
4730,92
4731,127
4732,95
4733,178
4734,97
4735,94
4736,101
4737,102
4738,208
4739,251
4740,82
4741,265
4742,438
4743,361
4744,383
4745,146
4746,157
4747,428
4748,330
4749,256
4750,96
4751,115
4752,118
4753,68
4754,60
4755,142
4756,128
4757,207
4758,63
4759,115
4760,66
4761,122
4762,122
4763,212
4764,126
4765,215
4766,170
4767,85
4768,208
4769,104
4770,107
4771,54
4772,124
4773,119
4774,56
4775,58
4776,121
4777,152
4778,65
4779,71
4780,231
4781,122
4782,74
4783,129
4784,125
4785,115
4786,159
4787,66
4788,80
4789,252
4790,121
4791,73
4792,141
4793,140
4794,197
4795,199
4796,294
4797,93
4798,151
4799,150
4800,206
4801,204
4802,118
4803,188
4804,80
4805,90
4806,126
4807,94
4808,174
4809,95
4810,92
4811,99
4812,101
4813,206
4814,91
4815,46
4816,49
4817,88
4818,319
4819,116
4820,375
4821,412
4822,232
4823,376
4824,149
4825,389
4826,254
4827,174
4828,84
4829,362
4830,388
4831,217
4832,360
4833,140
4834,358
4835,205
4836,164
4837,76
4838,120
4839,122
4840,211
4841,125
4842,213
4843,169
4844,86
4845,209
4846,122
4847,131
4848,228
4849,361
4850,98
4851,97
4852,131
4853,75
4854,71
4855,99
4856,100
4857,98
4858,72
4859,72
4860,477
4861,430
4862,414
4863,438
4864,440
4865,384
4866,281
4867,355
4868,465
4869,435
4870,163
4871,115
4872,158
4873,189
4874,154
4875,119
4876,91
4877,120
4878,83
4879,137
4880,77
4881,70
4882,111
4883,118
4884,211
4885,337
4886,99
4887,78
4888,134
4889,44
4890,95
4891,75
4892,130
4893,48
4894,326
4895,317
4896,317
4897,141
4898,214
4899,90
4900,201
4901,104
4902,294
4903,188
4904,325
4905,81
4906,42
4907,113
4908,159
4909,64
4910,90
4911,266
4912,123
4913,72
4914,136
4915,135
4916,87
4917,121
4918,89
4919,168
4920,90
4921,87
4922,94
4923,95
4924,203
4925,82
4926,116
4927,85
4928,159
4929,87
4930,84
4931,90
4932,91
4933,190
4934,169
4935,122
4936,132
4937,82
4938,119
4939,193
4940,159
4941,236
4942,251
4943,163
4944,164
4945,173
4946,126
4947,134
4948,79
4949,122
4950,198
4951,163
4952,232
4953,261
4954,170
4955,166
4956,254
4957,83
4958,271
4959,443
4960,381
4961,389
4962,152
4963,165
4964,433
4965,350
4966,261
4967,101
4968,149
4969,144
4970,116
4971,184
4972,114
4973,184
4974,153
4975,143
4976,147
4977,147
4978,115
4979,183
4980,112
4981,185
4982,155
4983,142
4984,145
4985,146
4986,116
4987,182
4988,114
4989,183
4990,153
4991,141
4992,112
4993,121
4994,214
4995,341
4996,257
4997,80
4998,274
4999,460
5000,363
5001,377
5002,148
5003,159
5004,436
5005,334
5006,262
5007,104
5008,131
5009,408
5010,135
5011,141
5012,77
5013,295
5014,346
5015,235
5016,210
5017,305
5018,374
5019,243
5020,398
5021,310
5022,142
5023,427
5024,143
5025,140
5026,80
5027,303
5028,371
5029,242
5030,195
5031,326
5032,400
5033,246
5034,420
5035,330
5036,93
5037,341
5038,123
5039,120
5040,126
5041,209
5042,126
5043,220
5044,168
5045,81
5046,206
5047,72
5048,128
5049,95
5050,131
5051,75
5052,71
5053,73
5054,195
5055,148
5056,181
5057,135
5058,106
5059,151
5060,148
5061,158
5062,206
5063,152
5064,305
5065,96
5066,90
5067,154
5068,253
5069,73
5070,171
5071,74
5072,131
5073,96
5074,133
5075,76
5076,71
5077,75
5078,202
5079,203
5080,304
5081,99
5082,156
5083,153
5084,211
5085,208
5086,122
5087,185
5088,84
5089,336
5090,333
5091,333
5092,146
5093,215
5094,88
5095,205
5096,105
5097,306
5098,199
5099,344
5100,207
5101,203
5102,306
5103,100
5104,160
5105,161
5106,216
5107,210
5108,125
5109,190
5110,86
5111,76
5112,133
5113,98
5114,135
5115,78
5116,73
5117,76
5118,160
5119,162
5120,95
5121,74
5122,131
5123,41
5124,95
5125,74
5126,130
5127,41
5128,177
5129,128
5130,137
5131,92
5132,126
5133,203
5134,167
5135,244
5136,261
5137,171
5138,172
5139,94
5140,340
5141,124
5142,95
5143,74
5144,128
5145,41
5146,91
5147,90
5148,121
5149,66
5150,65
5151,90
5152,93
5153,91
5154,66
5155,65
5156,173
5157,126
5158,134
5159,79
5160,122
5161,198
5162,163
5163,232
5164,261
5165,170
5166,166
5167,111
5168,113
5169,201
5170,117
5171,203
5172,160
5173,77
5174,194
5175,82
5176,140
5177,105
5178,144
5179,83
5180,78
5181,81
5182,75
5183,132
5184,98
5185,135
5186,76
5187,73
5188,130
5189,400
5190,133
5191,137
5192,80
5193,293
5194,340
5195,234
5196,194
5197,303
5198,380
5199,245
5200,405
5201,314
5202,470
5203,423
5204,410
5205,433
5206,437
5207,380
5208,279
5209,355
5210,457
5211,431
5212,93
5213,93
5214,123
5215,66
5216,93
5217,95
5218,94
5219,67
5220,188
5221,141
5222,175
5223,131
5224,454
5225,413
5226,395
5227,421
5228,429
5229,366
5230,266
5231,349
5232,440
5233,423
5234,471
5235,423
5236,406
5237,433
5238,437
5239,378
5240,277
5241,355
5242,458
5243,430
5244,108
5245,112
5246,60
5247,56
5248,135
5249,123
5250,198
5251,59
5252,109
5253,61
5254,219
5255,161
5256,161
5257,121
5258,126
5259,184
5260,280
5261,82
5262,114
5263,120
5264,198
5265,120
5266,209
5267,159
5268,75
5269,192
5270,114
5271,117
5272,63
5273,59
5274,141
5275,129
5276,206
5277,63
5278,115
5279,65
5280,112
5281,122
5282,215
5283,344
5284,248
5285,80
5286,264
5287,430
5288,368
5289,380
5290,147
5291,159
5292,419
5293,337
5294,255
5295,97
5296,87
5297,326
5298,114
5299,168
5300,121
5301,131
5302,85
5303,119
5304,192
5305,157
5306,230
5307,247
5308,161
5309,162
5310,159
5311,158
5312,93
5313,47
5314,49
5315,98
5316,75
5317,132
5318,42
5319,194
5320,190
5321,289
5322,86
5323,150
5324,139
5325,195
5326,193
5327,116
5328,178
5329,78
5330,88
5331,126
5332,93
5333,177
5334,95
5335,91
5336,100
5337,102
5338,207
5339,112
5340,142
5341,61
5342,67
5343,213
5344,114
5345,68
5346,121
5347,117
5348,188
5349,141
5350,175
5351,131
5352,198
5353,151
5354,187
5355,141
5356,103
5357,80
5358,136
5359,46
5360,90
5361,125
5362,93
5363,173
5364,94
5365,91
5366,98
5367,99
5368,204
5369,277
5370,158
5371,113
5372,154
5373,185
5374,151
5375,117
5376,91
5377,117
5378,88
5379,84
5380,88
5381,46
5382,260
5383,83
5384,273
5385,446
5386,355
5387,372
5388,152
5389,162
5390,430
5391,327
5392,261
5393,100
5394,118
5395,120
5396,68
5397,61
5398,145
5399,132
5400,215
5401,64
5402,117
5403,66
5404,201
5405,160
5406,160
5407,120
5408,131
5409,187
5410,273
5411,87
5412,87
5413,123
5414,91
5415,169
5416,92
5417,89
5418,96
5419,97
5420,200
5421,71
5422,129
5423,93
5424,132
5425,74
5426,70
5427,72
5428,449
5429,405
5430,385
5431,411
5432,420
5433,359
5434,257
5435,334
5436,438
5437,413
5438,99
5439,142
5440,139
5441,149
5442,194
5443,143
5444,287
5445,90
5446,83
5447,148
5448,238
5449,67
5450,160
5451,386
5452,429
5453,239
5454,388
5455,155
5456,405
5457,264
5458,183
5459,86
5460,83
5461,41
5462,44
5463,111
5464,111
5465,204
5466,116
5467,200
5468,163
5469,83
5470,192
5471,196
5472,195
5473,288
5474,91
5475,151
5476,148
5477,205
5478,201
5479,115
5480,186
5481,80
5482,97
5483,75
5484,127
5485,42
5486,89
5487,88
5488,118
5489,63
5490,64
5491,89
5492,91
5493,90
5494,65
5495,63
5496,272
5497,154
5498,110
5499,150
5500,180
5501,146
5502,114
5503,91
5504,115
5505,85
5506,80
5507,138
5508,419
5509,141
5510,145
5511,87
5512,306
5513,361
5514,243
5515,200
5516,324
5517,395
5518,251
5519,420
5520,331
5521,132
5522,402
5523,134
5524,129
5525,71
5526,290
5527,347
5528,227
5529,185
5530,306
5531,378
5532,233
5533,400
5534,312
5535,139
5536,99
5537,74
5538,98
5539,110
5540,147
5541,104
5542,138
5543,95
5544,95
5545,127
5546,73
5547,69
5548,97
5549,98
5550,96
5551,71
5552,70
5553,144
5554,146
5555,114
5556,181
5557,112
5558,182
5559,152
5560,141
5561,148
5562,147
5563,116
5564,186
5565,113
5566,186
5567,154
5568,141
5569,92
5570,46
5571,49
5572,134
5573,411
5574,136
5575,141
5576,83
5577,299
5578,353
5579,240
5580,196
5581,312
5582,388
5583,247
5584,414
5585,318
5586,111
5587,153
5588,82
5589,104
5590,82
5591,110
5592,121
5593,157
5594,111
5595,145
5596,101
5597,143
5598,141
5599,149
5600,194
5601,144
5602,285
5603,90
5604,83
5605,148
5606,237
5607,67
5608,162
5609,160
5610,163
5611,137
5612,421
5613,139
5614,143
5615,86
5616,305
5617,361
5618,245
5619,199
5620,322
5621,397
5622,253
5623,420
5624,332
5625,135
5626,133
5627,106
5628,168
5629,104
5630,170
5631,139
5632,131
5633,112
5634,144
5635,64
5636,80
5637,222
5638,115
5639,65
5640,125
5641,123
5642,80
5643,41
5644,102
5645,72
5646,45
5647,93
5648,101
5649,277
5650,158
5651,113
5652,153
5653,184
5654,150
5655,116
5656,90
5657,116
5658,87
5659,82
5660,91
5661,332
5662,121
5663,197
5664,152
5665,183
5666,140
5667,133
5668,413
5669,136
5670,144
5671,84
5672,300
5673,350
5674,240
5675,194
5676,312
5677,390
5678,250
5679,411
5680,322
5681,196
5682,193
5683,289
5684,91
5685,151
5686,147
5687,202
5688,200
5689,115
5690,177
5691,79
5692,148
5693,105
5694,79
5695,104
5696,119
5697,154
5698,110
5699,145
5700,183
5701,135
5702,175
5703,131
5704,445
5705,429
5706,392
5707,437
5708,434
5709,384
5710,278
5711,357
5712,458
5713,437
5714,119
5715,155
5716,69
5717,80
5718,237
5719,123
5720,71
5721,132
5722,131
5723,372
5724,411
5725,226
5726,372
5727,147
5728,381
5729,250
5730,172
5731,81
5732,118
5733,151
5734,67
5735,77
5736,237
5737,121
5738,69
5739,129
5740,128
5741,268
5742,86
5743,278
5744,455
5745,361
5746,377
5747,155
5748,164
5749,436
5750,332
5751,270
5752,105
5753,106
5754,83
5755,138
5756,48
5757,99
5758,133
5759,129
5760,137
5761,178
5762,139
5763,238
5764,82
5765,81
5766,149
5767,212
5768,69
5769,155
5770,86
5771,321
5772,115
5773,197
5774,193
5775,295
5776,86
5777,152
5778,148
5779,200
5780,196
5781,118
5782,181
5783,80
5784,130
5785,72
5786,65
5787,370
5788,406
5789,220
5790,371
5791,145
5792,382
5793,249
5794,171
5795,78
5796,141
5797,426
5798,144
5799,150
5800,92
5801,311
5802,370
5803,244
5804,204
5805,329
5806,400
5807,257
5808,424
5809,336
5810,92
5811,342
5812,121
5813,94
5814,49
5815,51
5816,90
5817,46
5818,108
5819,123
5820,208
5821,340
5822,112
5823,115
5824,62
5825,58
5826,138
5827,128
5828,207
5829,61
5830,114
5831,63
5832,378
5833,419
5834,228
5835,379
5836,151
5837,392
5838,256
5839,177
5840,83
5841,90
5842,46
5843,48
5844,136
5845,415
5846,139
5847,144
5848,86
5849,302
5850,358
5851,244
5852,196
5853,317
5854,392
5855,250
5856,418
5857,322
5858,454
5859,407
5860,385
5861,412
5862,423
5863,359
5864,259
5865,332
5866,440
5867,415
5868,142
5869,101
5870,76
5871,99
5872,112
5873,150
5874,106
5875,139
5876,140
5877,78
5878,71
5879,179
5880,197
5881,299
5882,94
5883,155
5884,155
5885,208
5886,201
5887,119
5888,179
5889,81
5890,145
5891,144
5892,113
5893,179
5894,111
5895,181
5896,149
5897,139
5898,179
5899,140
5900,140
5901,108
5902,118
5903,162
5904,238
5905,81
5906,85
5907,124
5908,90
5909,173
5910,92
5911,89
5912,98
5913,99
5914,203
5915,75
5916,134
5917,98
5918,135
5919,76
5920,71
5921,74
5922,406
5923,391
5924,419
5925,448
5926,433
5927,376
5928,267
5929,347
5930,453
5931,424
5932,256
5933,80
5934,265
5935,442
5936,343
5937,361
5938,147
5939,156
5940,414
5941,317
5942,255
5943,100
5944,104
5945,119
5946,206
5947,333
5948,113
5949,151
5950,85
5951,106
5952,86
5953,109
5954,123
5955,158
5956,113
5957,147
5958,251
5959,76
5960,264
5961,444
5962,347
5963,360
5964,144
5965,154
5966,422
5967,318
5968,254
5969,101
5970,145
5971,149
5972,298
5973,172
5974,123
5975,168
5976,201
5977,164
5978,128
5979,101
5980,129
5981,99
5982,92
5983,119
5984,130
5985,225
5986,362
5987,88
5988,46
5989,91
5990,46
5991,48
5992,294
5993,169
5994,119
5995,165
5996,196
5997,161
5998,123
5999,100
6000,125
6001,99
6002,89
6003,132
6004,409
6005,136
6006,142
6007,69
6008,297
6009,349
6010,237
6011,211
6012,307
6013,379
6014,245
6015,401
6016,313
6017,108
6018,84
6019,142
6020,48
6021,97
6022,70
6023,47
6024,91
6025,97
6026,114
6027,122
6028,215
6029,325
6030,87
6031,327
6032,114
6033,173
6034,124
6035,129
6036,89
6037,124
6038,200
6039,158
6040,246
6041,259
6042,165
6043,165
6044,115
6045,126
6046,217
6047,354
6048,364
6049,371
6050,354
6051,150
6052,229
6053,89
6054,202
6055,106
6056,344
6057,201
6058,375
6059,133
6060,409
6061,137
6062,131
6063,73
6064,293
6065,354
6066,229
6067,186
6068,310
6069,380
6070,235
6071,404
6072,314
6073,259
6074,85
6075,274
6076,452
6077,375
6078,395
6079,154
6080,165
6081,440
6082,343
6083,265
6084,102
6085,109
6086,146
6087,142
6088,151
6089,193
6090,152
6091,261
6092,91
6093,89
6094,162
6095,232
6096,77
6097,167
6098,256
6099,81
6100,267
6101,442
6102,343
6103,357
6104,149
6105,156
6106,414
6107,316
6108,256
6109,102
6110,209
6111,152
6112,151
6113,113
6114,117
6115,174
6116,267
6117,75
6118,82
6119,117
6120,85
6121,159
6122,86
6123,86
6124,91
6125,92
6126,189
6127,105
6128,314
6129,111
6130,227
6131,472
6132,424
6133,406
6134,436
6135,439
6136,380
6137,276
6138,355
6139,458
6140,433
6141,113
6142,148
6143,65
6144,76
6145,227
6146,116
6147,67
6148,126
6149,125
6150,108
6151,123
6152,208
6153,336
6154,186
6155,140
6156,173
6157,129
6158,211
6159,151
6160,152
6161,121
6162,116
6163,186
6164,284
6165,75
6166,146
6167,82
6168,75
6169,152
6170,156
6171,109
6172,112
6173,64
6174,58
6175,134
6176,122
6177,194
6178,60
6179,108
6180,61
6181,109
6182,118
6183,210
6184,334
6185,200
6186,152
6187,188
6188,141
6189,170
6190,129
6191,140
6192,75
6193,122
6194,199
6195,166
6196,239
6197,289
6198,171
6199,168
6200,95
6201,73
6202,129
6203,41
6204,80
6205,119
6206,83
6207,167
6208,88
6209,84
6210,93
6211,94
6212,195
6213,388
6214,434
6215,235
6216,394
6217,154
6218,406
6219,266
6220,179
6221,86
6222,271
6223,153
6224,110
6225,150
6226,180
6227,145
6228,113
6229,91
6230,115
6231,85
6232,80
6233,173
6234,131
6235,147
6236,79
6237,125
6238,205
6239,170
6240,247
6241,296
6242,175
6243,171
6244,456
6245,405
6246,384
6247,411
6248,421
6249,356
6250,259
6251,332
6252,440
6253,414
6254,199
6255,152
6256,188
6257,141
6258,101
6259,79
6260,137
6261,44
6262,124
6263,130
6264,214
6265,129
6266,224
6267,173
6268,84
6269,211
6270,92
6271,46
6272,48
6273,368
6274,408
6275,220
6276,369
6277,141
6278,381
6279,243
6280,167
6281,75
6282,141
6283,142
6284,111
6285,177
6286,109
6287,179
6288,149
6289,137
6290,117
6291,126
6292,219
6293,336
6294,136
6295,422
6296,139
6297,142
6298,87
6299,304
6300,336
6301,246
6302,190
6303,318
6304,399
6305,250
6306,424
6307,328
6308,110
6309,118
6310,208
6311,330
6312,210
6313,206
6314,308
6315,101
6316,160
6317,159
6318,214
6319,212
6320,125
6321,194
6322,86
6323,256
6324,83
6325,270
6326,441
6327,347
6328,363
6329,151
6330,160
6331,426
6332,320
6333,259
6334,100
6335,97
6336,316
6337,102
6338,218
6339,91
6340,341
6341,121
6342,82
6343,41
6344,44
6345,78
6346,138
6347,102
6348,142
6349,81
6350,76
6351,79
6352,95
6353,349
6354,126
6355,129
6356,70
6357,65
6358,338
6359,344
6360,326
6361,134
6362,210
6363,78
6364,187
6365,94
6366,315
6367,183
6368,347
6369,137
6370,413
6371,139
6372,144
6373,85
6374,301
6375,359
6376,245
6377,199
6378,314
6379,382
6380,249
6381,406
6382,320
6383,100
6384,75
6385,138
6386,47
6387,90
6388,90
6389,118
6390,65
6391,66
6392,89
6393,93
6394,91
6395,67
6396,65
6397,288
6398,282
6399,278
6400,129
6401,194
6402,83
6403,187
6404,91
6405,259
6406,170
6407,283
6408,132
6409,74
6410,68
6411,188
6412,143
6413,174
6414,131
6415,96
6416,75
6417,130
6418,41
6419,262
6420,84
6421,276
6422,457
6423,357
6424,373
6425,153
6426,161
6427,427
6428,330
6429,265
6430,105
6431,82
6432,140
6433,106
6434,148
6435,84
6436,78
6437,81
6438,144
6439,144
6440,113
6441,177
6442,109
6443,179
6444,148
6445,139
6446,145
6447,144
6448,113
6449,179
6450,110
6451,181
6452,149
6453,139
6454,119
6455,126
6456,208
6457,126
6458,218
6459,167
6460,80
6461,202
6462,119
6463,126
6464,208
6465,125
6466,219
6467,167
6468,81
6469,204
6470,110
6471,113
6472,62
6473,58
6474,135
6475,125
6476,201
6477,61
6478,111
6479,63
6480,110
6481,114
6482,61
6483,58
6484,137
6485,125
6486,202
6487,61
6488,112
6489,63
6490,116
6491,150
6492,67
6493,84
6494,233
6495,119
6496,69
6497,130
6498,127
6499,116
6500,151
6501,67
6502,78
6503,232
6504,119
6505,69
6506,128
6507,127
6508,253
6509,76
6510,266
6511,446
6512,350
6513,365
6514,143
6515,154
6516,423
6517,321
6518,255
6519,101
6520,253
6521,82
6522,266
6523,445
6524,347
6525,363
6526,148
6527,157
6528,415
6529,318
6530,255
6531,101
6532,258
6533,82
6534,268
6535,445
6536,345
6537,363
6538,150
6539,157
6540,416
6541,319
6542,258
6543,102
6544,179
6545,136
6546,151
6547,83
6548,130
6549,209
6550,176
6551,249
6552,301
6553,181
6554,177
6555,137
6556,418
6557,140
6558,144
6559,86
6560,304
6561,363
6562,243
6563,196
6564,319
6565,397
6566,251
6567,419
6568,325
6569,265
6570,85
6571,273
6572,450
6573,354
6574,371
6575,152
6576,162
6577,432
6578,326
6579,264
6580,102
6581,101
6582,140
6583,136
6584,145
6585,184
6586,147
6587,257
6588,91
6589,87
6590,156
6591,230
6592,71
6593,161
6594,179
6595,132
6596,144
6597,83
6598,128
6599,207
6600,172
6601,245
6602,279
6603,178
6604,174
6605,136
6606,414
6607,138
6608,132
6609,74
6610,296
6611,358
6612,235
6613,186
6614,316
6615,388
6616,237
6617,411
6618,321
6619,145
6620,146
6621,115
6622,182
6623,112
6624,184
6625,152
6626,142
6627,197
6628,149
6629,185
6630,139
6631,377
6632,417
6633,232
6634,377
6635,151
6636,389
6637,255
6638,178
6639,85
6640,192
6641,152
6642,185
6643,139
